{"cameraMode":{"drawMode":0,"name":"Shaded","section":"Shading Mode"},"sceneLighting":false,"audioPlay":false,"sceneViewState":{"showFog":true,"showMaterialUpdate":false,"showSkybox":false,"showFlares":true,"showImageEffects":true,"showParticleSystems":true},"in2DMode":false,"pivot":{"x":-5.909999847412109,"y":4.210000038146973,"z":3.119999885559082},"rotation":{"x":0.26721110939979555,"y":-0.3068026006221771,"z":0.09018522500991821,"w":0.9090325236320496},"size":3.927293300628662,"orthographic":true}