{"cameraMode":{"drawMode":0,"name":"Shaded","section":"Shading Mode"},"sceneLighting":false,"audioPlay":false,"sceneViewState":{"showFog":true,"showMaterialUpdate":false,"showSkybox":false,"showFlares":true,"showImageEffects":true,"showParticleSystems":true},"in2DMode":false,"pivot":{"x":12.253192901611329,"y":5.360772609710693,"z":-20.410736083984376},"rotation":{"x":0.28834664821624758,"y":0.002296458464115858,"z":-0.0006914896075613797,"w":0.9575266242027283},"size":3.4615445137023927,"orthographic":false}