{"cameraMode":{"drawMode":0,"name":"Shaded","section":"Shading Mode"},"sceneLighting":false,"audioPlay":false,"sceneViewState":{"showFog":true,"showMaterialUpdate":false,"showSkybox":false,"showFlares":true,"showImageEffects":true,"showParticleSystems":true},"in2DMode":false,"pivot":{"x":-6.050000190734863,"y":3.3923659324645998,"z":-11.270000457763672},"rotation":{"x":0.055290527641773227,"y":-0.023946059867739679,"z":0.0013248705072328449,"w":0.9981821179389954},"size":4.902688980102539,"orthographic":false}