{"cameraMode":{"drawMode":0,"name":"Shaded","section":"Shading Mode"},"sceneLighting":false,"audioPlay":false,"sceneViewState":{"showFog":true,"showMaterialUpdate":false,"showSkybox":false,"showFlares":true,"showImageEffects":true,"showParticleSystems":true},"in2DMode":false,"pivot":{"x":-0.015817780047655107,"y":3.253939390182495,"z":-4.625460147857666},"rotation":{"x":0.3843191862106323,"y":0.011078065261244774,"z":-0.004612150602042675,"w":0.923123300075531},"size":2.809298515319824,"orthographic":false}