{"cameraMode":{"drawMode":0,"name":"Shaded","section":"Shading Mode"},"sceneLighting":false,"audioPlay":false,"sceneViewState":{"showFog":true,"showMaterialUpdate":false,"showSkybox":false,"showFlares":true,"showImageEffects":true,"showParticleSystems":true},"in2DMode":false,"pivot":{"x":-0.038051120936870578,"y":1.6068358421325684,"z":-5.785070896148682},"rotation":{"x":0.3843475580215454,"y":-0.0005554629606194794,"z":0.0002313111035618931,"w":0.9231919646263123},"size":3.4615445137023927,"orthographic":false}