{"cameraMode":{"drawMode":0,"name":"Shaded","section":"Shading Mode"},"sceneLighting":false,"audioPlay":false,"sceneViewState":{"showFog":true,"showMaterialUpdate":false,"showSkybox":false,"showFlares":true,"showImageEffects":true,"showParticleSystems":true},"in2DMode":false,"pivot":{"x":1.8914045095443726,"y":1.0244256258010865,"z":-13.01094913482666},"rotation":{"x":0.28041329979896548,"y":0.03532296419143677,"z":-0.011033440940082074,"w":0.9591907858848572},"size":4.1633381843566898,"orthographic":false}