{"cameraMode":{"drawMode":0,"name":"Shaded","section":"Shading Mode"},"sceneLighting":false,"audioPlay":false,"sceneViewState":{"showFog":true,"showMaterialUpdate":false,"showSkybox":false,"showFlares":true,"showImageEffects":true,"showParticleSystems":true},"in2DMode":false,"pivot":{"x":-0.07742786407470703,"y":7.3712921142578129,"z":-0.3075576424598694},"rotation":{"x":0.23010458052158357,"y":0.05019101873040199,"z":-0.011884225532412529,"w":0.9717993140220642},"size":7.460059642791748,"orthographic":false}