{"cameraMode":{"drawMode":0,"name":"Shaded","section":"Shading Mode"},"sceneLighting":false,"audioPlay":false,"sceneViewState":{"showFog":true,"showMaterialUpdate":false,"showSkybox":false,"showFlares":true,"showImageEffects":true,"showParticleSystems":true},"in2DMode":false,"pivot":{"x":0.6686021089553833,"y":1.1343374252319337,"z":-1.3125615119934083},"rotation":{"x":0.3339545428752899,"y":-0.004808980505913496,"z":0.0017037683865055442,"w":0.9425762295722961},"size":3.4615445137023927,"orthographic":false}