{"cameraMode":{"drawMode":0,"name":"Shaded","section":"Shading Mode"},"sceneLighting":false,"audioPlay":false,"sceneViewState":{"showFog":true,"showMaterialUpdate":false,"showSkybox":false,"showFlares":true,"showImageEffects":true,"showParticleSystems":true},"in2DMode":false,"pivot":{"x":-0.28999996185302737,"y":4.210000038146973,"z":3.119999885559082},"rotation":{"x":0.301407128572464,"y":-0.5016466975212097,"z":0.19191874563694,"w":0.7878304719924927},"size":3.927293300628662,"orthographic":false}