{"cameraMode":{"drawMode":0,"name":"Shaded","section":"Shading Mode"},"sceneLighting":false,"audioPlay":false,"sceneViewState":{"showFog":true,"showMaterialUpdate":false,"showSkybox":false,"showFlares":true,"showImageEffects":true,"showParticleSystems":true},"in2DMode":false,"pivot":{"x":0.13700000941753388,"y":4.912429332733154,"z":-14.686895370483399},"rotation":{"x":0.1890222430229187,"y":-0.27143025398254397,"z":0.054455291479825976,"w":0.9421453475952148},"size":1.3496798276901246,"orthographic":false}