{"cameraMode":{"drawMode":0,"name":"Shaded","section":"Shading Mode"},"sceneLighting":false,"audioPlay":false,"sceneViewState":{"showFog":true,"showMaterialUpdate":false,"showSkybox":false,"showFlares":true,"showImageEffects":true,"showParticleSystems":true},"in2DMode":false,"pivot":{"x":1.1343770027160645,"y":0.3598763942718506,"z":-1.937957763671875},"rotation":{"x":0.38770270347595217,"y":0.22137722373008729,"z":-0.09648092091083527,"w":0.8895928263664246},"size":3.4615445137023927,"orthographic":false}