{"cameraMode":{"drawMode":0,"name":"Shaded","section":"Shading Mode"},"sceneLighting":false,"audioPlay":false,"sceneViewState":{"showFog":true,"showMaterialUpdate":false,"showSkybox":false,"showFlares":true,"showImageEffects":true,"showParticleSystems":true},"in2DMode":false,"pivot":{"x":3.4794702529907228,"y":2.177790641784668,"z":-9.807740211486817},"rotation":{"x":0.2635197341442108,"y":0.6876495480537415,"z":-0.29846540093421938,"w":0.607137143611908},"size":3.0716092586517336,"orthographic":false}