{"cameraMode":{"drawMode":0,"name":"Shaded","section":"Shading Mode"},"sceneLighting":false,"audioPlay":false,"sceneViewState":{"showFog":true,"showMaterialUpdate":false,"showSkybox":false,"showFlares":true,"showImageEffects":true,"showParticleSystems":true},"in2DMode":false,"pivot":{"x":0.14821308851242066,"y":-0.727114200592041,"z":-0.026828765869140626},"rotation":{"x":0.4224640429019928,"y":-0.034520965069532397,"z":0.016104305163025857,"w":0.9055798649787903},"size":4.6615447998046879,"orthographic":false}