{"cameraMode":{"drawMode":0,"name":"Shaded","section":"Shading Mode"},"sceneLighting":false,"audioPlay":false,"sceneViewState":{"showFog":true,"showMaterialUpdate":false,"showSkybox":false,"showFlares":true,"showImageEffects":true,"showParticleSystems":true},"in2DMode":false,"pivot":{"x":0.13699999451637269,"y":3.370429277420044,"z":-8.430402755737305},"rotation":{"x":0.21068648993968965,"y":0.5517048239707947,"z":-0.14646996557712556,"w":0.7935864329338074},"size":0.8027074337005615,"orthographic":false}