{"cameraMode":{"drawMode":0,"name":"Shaded","section":"Shading Mode"},"sceneLighting":false,"audioPlay":false,"sceneViewState":{"showFog":true,"showMaterialUpdate":false,"showSkybox":false,"showFlares":true,"showImageEffects":true,"showParticleSystems":true},"in2DMode":false,"pivot":{"x":-0.47870659828186037,"y":2.5395288467407228,"z":-2.6050033569335939},"rotation":{"x":0.34588301181793215,"y":0.10468316078186035,"z":-0.038865990936756137,"w":0.9316123723983765},"size":3.4615445137023927,"orthographic":false}