{"cameraMode":{"drawMode":0,"name":"Shaded","section":"Shading Mode"},"sceneLighting":false,"audioPlay":false,"sceneViewState":{"showFog":true,"showMaterialUpdate":false,"showSkybox":false,"showFlares":true,"showImageEffects":true,"showParticleSystems":true},"in2DMode":false,"pivot":{"x":2.15828013420105,"y":2.6875391006469728,"z":-5.916189670562744},"rotation":{"x":0.1944391429424286,"y":0.45769843459129336,"z":-0.10331141948699951,"w":0.8614156246185303},"size":3.4615445137023927,"orthographic":false}