{"cameraMode":{"drawMode":0,"name":"Shaded","section":"Shading Mode"},"sceneLighting":false,"audioPlay":false,"sceneViewState":{"showFog":true,"showMaterialUpdate":false,"showSkybox":false,"showFlares":true,"showImageEffects":true,"showParticleSystems":true},"in2DMode":false,"pivot":{"x":0.11457839608192444,"y":3.3451015949249269,"z":-8.574195861816407},"rotation":{"x":0.20504117012023927,"y":0.6879734396934509,"z":-0.21281518042087556,"w":0.6628429293632507},"size":0.7799612283706665,"orthographic":false}