{"cameraMode":{"drawMode":0,"name":"Shaded","section":"Shading Mode"},"sceneLighting":false,"audioPlay":false,"sceneViewState":{"showFog":true,"showMaterialUpdate":false,"showSkybox":false,"showFlares":true,"showImageEffects":true,"showParticleSystems":true},"in2DMode":false,"pivot":{"x":-15.35999870300293,"y":2.963840961456299,"z":-5.032400131225586},"rotation":{"x":0.1798509955406189,"y":-0.22872965037822724,"z":0.043041277676820758,"w":0.9557638764381409},"size":3.7057249546051027,"orthographic":true}