{"cameraMode":{"drawMode":0,"name":"Shaded","section":"Shading Mode"},"sceneLighting":false,"audioPlay":false,"sceneViewState":{"showFog":true,"showMaterialUpdate":false,"showSkybox":false,"showFlares":true,"showImageEffects":true,"showParticleSystems":true},"in2DMode":false,"pivot":{"x":-2.863067388534546,"y":0.7100000381469727,"z":-4.6423258781433109},"rotation":{"x":0.3995743989944458,"y":-0.34410035610198977,"z":0.16494683921337129,"w":0.8335561752319336},"size":5.9541168212890629,"orthographic":false}