{"cameraMode":{"drawMode":0,"name":"Shaded","section":"Shading Mode"},"sceneLighting":false,"audioPlay":false,"sceneViewState":{"showFog":true,"showMaterialUpdate":false,"showSkybox":false,"showFlares":true,"showImageEffects":true,"showParticleSystems":true},"in2DMode":false,"pivot":{"x":-2.0793256759643556,"y":2.295253276824951,"z":-1.723473310470581},"rotation":{"x":0.32980191707611086,"y":0.22439603507518769,"z":-0.08102208375930786,"w":0.9134085178375244},"size":2.809298515319824,"orthographic":false}