{"cameraMode":{"drawMode":0,"name":"Shaded","section":"Shading Mode"},"sceneLighting":false,"audioPlay":false,"sceneViewState":{"showFog":true,"showMaterialUpdate":false,"showSkybox":false,"showFlares":true,"showImageEffects":true,"showParticleSystems":true},"in2DMode":false,"pivot":{"x":-2.702646255493164,"y":3.3571314811706545,"z":2.746701955795288},"rotation":{"x":0.3008502125740051,"y":-0.39879530668258669,"z":0.14034952223300935,"w":0.8548438549041748},"size":3.927293300628662,"orthographic":false}