{"cameraMode":{"drawMode":0,"name":"Shaded","section":"Shading Mode"},"sceneLighting":false,"audioPlay":false,"sceneViewState":{"showFog":true,"showMaterialUpdate":false,"showSkybox":false,"showFlares":true,"showImageEffects":true,"showParticleSystems":true},"in2DMode":false,"pivot":{"x":2.8086776733398439,"y":2.153320550918579,"z":-5.324899673461914},"rotation":{"x":0.2113932967185974,"y":-0.001466479618102312,"z":0.0003159170737490058,"w":0.9774048328399658},"size":3.4615445137023927,"orthographic":false}