{"cameraMode":{"drawMode":0,"name":"Shaded","section":"Shading Mode"},"sceneLighting":false,"audioPlay":false,"sceneViewState":{"showFog":true,"showMaterialUpdate":false,"showSkybox":false,"showFlares":true,"showImageEffects":true,"showParticleSystems":true},"in2DMode":false,"pivot":{"x":-0.28999996185302737,"y":4.210000038146973,"z":3.119999885559082},"rotation":{"x":0.22214050590991975,"y":0.05700070783495903,"z":-0.013010434806346894,"w":0.9732663035392761},"size":3.927293300628662,"orthographic":true}