{"cameraMode":{"drawMode":0,"name":"Shaded","section":"Shading Mode"},"sceneLighting":false,"audioPlay":false,"sceneViewState":{"showFog":true,"showMaterialUpdate":false,"showSkybox":false,"showFlares":true,"showImageEffects":true,"showParticleSystems":true},"in2DMode":false,"pivot":{"x":1.820000171661377,"y":1.6750000715255738,"z":-4.949999809265137},"rotation":{"x":0.10006725043058396,"y":-0.1839693933725357,"z":0.018828758969902993,"w":0.9776487946510315},"size":3.4615445137023927,"orthographic":false}