{"cameraMode":{"drawMode":0,"name":"Shaded","section":"Shading Mode"},"sceneLighting":false,"audioPlay":false,"sceneViewState":{"showFog":true,"showMaterialUpdate":false,"showSkybox":false,"showFlares":true,"showImageEffects":true,"showParticleSystems":true},"in2DMode":false,"pivot":{"x":0.8531273603439331,"y":-252.7708282470703,"z":-0.7966709136962891},"rotation":{"x":0.0743175745010376,"y":0.01794924959540367,"z":-0.0013378411531448365,"w":0.997072696685791},"size":12.647760391235352,"orthographic":false}