{"cameraMode":{"drawMode":0,"name":"Shaded","section":"Shading Mode"},"sceneLighting":false,"audioPlay":false,"sceneViewState":{"showFog":true,"showMaterialUpdate":false,"showSkybox":false,"showFlares":true,"showImageEffects":true,"showParticleSystems":true},"in2DMode":false,"pivot":{"x":-23.727266311645509,"y":-25.169151306152345,"z":-8.15812873840332},"rotation":{"x":0.44708171486854555,"y":-0.2911190688610077,"z":0.1565915048122406,"w":0.8311738967895508},"size":13.571853637695313,"orthographic":false}