{"cameraMode":{"drawMode":0,"name":"Shaded","section":"Shading Mode"},"sceneLighting":false,"audioPlay":false,"sceneViewState":{"showFog":true,"showMaterialUpdate":false,"showSkybox":false,"showFlares":true,"showImageEffects":true,"showParticleSystems":true},"in2DMode":false,"pivot":{"x":-1.8463854789733887,"y":2.1419999599456789,"z":-2.0097296237945558},"rotation":{"x":0.34246155619621279,"y":0.2594551742076874,"z":-0.09899497032165528,"w":0.897555410861969},"size":2.809298515319824,"orthographic":false}