{"cameraMode":{"drawMode":0,"name":"Shaded","section":"Shading Mode"},"sceneLighting":false,"audioPlay":false,"sceneViewState":{"showFog":true,"showMaterialUpdate":false,"showSkybox":false,"showFlares":true,"showImageEffects":true,"showParticleSystems":true},"in2DMode":false,"pivot":{"x":-0.012658357620239258,"y":3.3673973083496095,"z":-0.23628687858581544},"rotation":{"x":0.1430584341287613,"y":-0.25234073400497439,"z":0.03774920105934143,"w":0.9562653303146362},"size":4.9235920906066898,"orthographic":false}