{"cameraMode":{"drawMode":0,"name":"Shaded","section":"Shading Mode"},"sceneLighting":false,"audioPlay":false,"sceneViewState":{"showFog":true,"showMaterialUpdate":false,"showSkybox":false,"showFlares":true,"showImageEffects":true,"showParticleSystems":true},"in2DMode":false,"pivot":{"x":-0.28999996185302737,"y":4.210000038146973,"z":3.119999885559082},"rotation":{"x":0.4320870637893677,"y":-0.025696637108922006,"z":0.01231775339692831,"w":0.9013827443122864},"size":3.927293300628662,"orthographic":false}