{"cameraMode":{"drawMode":0,"name":"Shaded","section":"Shading Mode"},"sceneLighting":false,"audioPlay":false,"sceneViewState":{"showFog":true,"showMaterialUpdate":false,"showSkybox":false,"showFlares":true,"showImageEffects":true,"showParticleSystems":true},"in2DMode":false,"pivot":{"x":-14.531234741210938,"y":3.138042449951172,"z":-4.779476165771484},"rotation":{"x":0.16171669960021974,"y":-0.11223719269037247,"z":0.018515191972255708,"w":0.9802619218826294},"size":5.670682907104492,"orthographic":false}