{"cameraMode":{"drawMode":0,"name":"Shaded","section":"Shading Mode"},"sceneLighting":false,"audioPlay":false,"sceneViewState":{"showFog":true,"showMaterialUpdate":false,"showSkybox":false,"showFlares":true,"showImageEffects":true,"showParticleSystems":true},"in2DMode":false,"pivot":{"x":-2.75,"y":1.3250000476837159,"z":-13.350000381469727},"rotation":{"x":-0.4029712677001953,"y":0.13160403072834016,"z":-0.058672405779361728,"w":-0.9038226008415222},"size":3.4615442752838136,"orthographic":false}