{"cameraMode":{"drawMode":0,"name":"Shaded","section":"Shading Mode"},"sceneLighting":false,"audioPlay":false,"sceneViewState":{"showFog":true,"showMaterialUpdate":false,"showSkybox":false,"showFlares":true,"showImageEffects":true,"showParticleSystems":true},"in2DMode":false,"pivot":{"x":-0.009737253189086914,"y":3.3673973083496095,"z":-0.18175911903381349},"rotation":{"x":0.14333751797676087,"y":-0.24516171216964723,"z":0.036675211042165759,"w":0.958130955696106},"size":4.360795021057129,"orthographic":false}