{"cameraMode":{"drawMode":0,"name":"Shaded","section":"Shading Mode"},"sceneLighting":false,"audioPlay":false,"sceneViewState":{"showFog":true,"showMaterialUpdate":false,"showSkybox":false,"showFlares":true,"showImageEffects":true,"showParticleSystems":true},"in2DMode":false,"pivot":{"x":0.06506434828042984,"y":4.943531513214111,"z":-7.9287638664245609},"rotation":{"x":0.3098125159740448,"y":0.0051326933316886429,"z":-0.0016724298475310207,"w":0.9507856369018555},"size":3.4615442752838136,"orthographic":false}