{"cameraMode":{"drawMode":0,"name":"Shaded","section":"Shading Mode"},"sceneLighting":false,"audioPlay":false,"sceneViewState":{"showFog":true,"showMaterialUpdate":false,"showSkybox":false,"showFlares":true,"showImageEffects":true,"showParticleSystems":true},"in2DMode":false,"pivot":{"x":9.050777435302735,"y":2.620296001434326,"z":-1.7268867492675782},"rotation":{"x":0.11494036018848419,"y":0.1734074503183365,"z":-0.020382195711135865,"w":0.9779141545295715},"size":6.807322025299072,"orthographic":false}