{"cameraMode":{"drawMode":0,"name":"Shaded","section":"Shading Mode"},"sceneLighting":false,"audioPlay":false,"sceneViewState":{"showFog":true,"showMaterialUpdate":false,"showSkybox":false,"showFlares":true,"showImageEffects":true,"showParticleSystems":true},"in2DMode":false,"pivot":{"x":-0.28999996185302737,"y":4.210000038146973,"z":3.119999885559082},"rotation":{"x":0.46254202723503115,"y":-0.04385415464639664,"z":0.022914396598935128,"w":0.8852159380912781},"size":3.927293300628662,"orthographic":false}