{"cameraMode":{"drawMode":0,"name":"Shaded","section":"Shading Mode"},"sceneLighting":false,"audioPlay":false,"sceneViewState":{"showFog":true,"showMaterialUpdate":false,"showSkybox":false,"showFlares":true,"showImageEffects":true,"showParticleSystems":true},"in2DMode":false,"pivot":{"x":-0.9600000381469727,"y":1.3250000476837159,"z":-18.520000457763673},"rotation":{"x":-0.15116143226623536,"y":0.1949349194765091,"z":-0.03042135201394558,"w":-0.9686213135719299},"size":3.4615442752838136,"orthographic":false}