{"cameraMode":{"drawMode":0,"name":"Shaded","section":"Shading Mode"},"sceneLighting":false,"audioPlay":false,"sceneViewState":{"showFog":true,"showMaterialUpdate":false,"showSkybox":false,"showFlares":true,"showImageEffects":true,"showParticleSystems":true},"in2DMode":false,"pivot":{"x":0.1369999647140503,"y":3.369323968887329,"z":-8.303482055664063},"rotation":{"x":0.3223022520542145,"y":0.17968808114528657,"z":-0.06245255842804909,"w":0.9273264408111572},"size":2.260781764984131,"orthographic":false}