{"cameraMode":{"drawMode":0,"name":"Shaded","section":"Shading Mode"},"sceneLighting":false,"audioPlay":false,"sceneViewState":{"showFog":true,"showMaterialUpdate":false,"showSkybox":false,"showFlares":true,"showImageEffects":true,"showParticleSystems":true},"in2DMode":false,"pivot":{"x":-0.28999996185302737,"y":4.210000038146973,"z":3.119999885559082},"rotation":{"x":0.29242539405822756,"y":0.2759266793727875,"z":-0.08853927254676819,"w":0.9113268256187439},"size":11.418228149414063,"orthographic":false}