{"cameraMode":{"drawMode":0,"name":"Shaded","section":"Shading Mode"},"sceneLighting":false,"audioPlay":false,"sceneViewState":{"showFog":true,"showMaterialUpdate":false,"showSkybox":false,"showFlares":true,"showImageEffects":true,"showParticleSystems":true},"in2DMode":false,"pivot":{"x":0.11699998378753662,"y":3.4240002632141115,"z":-9.385096549987793},"rotation":{"x":0.20504117012023927,"y":0.6879734396934509,"z":-0.21281518042087556,"w":0.6628429293632507},"size":8.52401065826416,"orthographic":false}