{"cameraMode":{"drawMode":0,"name":"Shaded","section":"Shading Mode"},"sceneLighting":false,"audioPlay":false,"sceneViewState":{"showFog":true,"showMaterialUpdate":false,"showSkybox":false,"showFlares":true,"showImageEffects":true,"showParticleSystems":true},"in2DMode":false,"pivot":{"x":0.0962727963924408,"y":3.370429277420044,"z":-13.531373977661133},"rotation":{"x":0.42381611466407778,"y":0.09750501811504364,"z":-0.04595093056559563,"w":0.8993114233016968},"size":1.368411898612976,"orthographic":false}