{"cameraMode":{"drawMode":0,"name":"Shaded","section":"Shading Mode"},"sceneLighting":false,"audioPlay":false,"sceneViewState":{"showFog":true,"showMaterialUpdate":false,"showSkybox":false,"showFlares":true,"showImageEffects":true,"showParticleSystems":true},"in2DMode":false,"pivot":{"x":0.28684401512145998,"y":2.5268707275390627,"z":-3.009805202484131},"rotation":{"x":0.343498557806015,"y":0.04167744889855385,"z":-0.015260756947100163,"w":0.9381048679351807},"size":1.5552737712860108,"orthographic":false}