{"cameraMode":{"drawMode":0,"name":"Shaded","section":"Shading Mode"},"sceneLighting":false,"audioPlay":false,"sceneViewState":{"showFog":true,"showMaterialUpdate":false,"showSkybox":false,"showFlares":true,"showImageEffects":true,"showParticleSystems":true},"in2DMode":false,"pivot":{"x":-5.763978004455566,"y":3.8730950355529787,"z":-6.792689323425293},"rotation":{"x":0.17567336559295655,"y":-0.22605016827583314,"z":0.04148470237851143,"w":0.9572457075119019},"size":3.6355984210968019,"orthographic":true}