{"cameraMode":{"drawMode":0,"name":"Shaded","section":"Shading Mode"},"sceneLighting":false,"audioPlay":false,"sceneViewState":{"showFog":true,"showMaterialUpdate":false,"showSkybox":false,"showFlares":true,"showImageEffects":true,"showParticleSystems":true},"in2DMode":false,"pivot":{"x":3.0042214393615724,"y":3.9252305030822756,"z":-2.5120716094970705},"rotation":{"x":-0.12496723979711533,"y":-0.5368762612342835,"z":0.08086252957582474,"w":-0.8304551243782044},"size":4.743602752685547,"orthographic":false}