{"cameraMode":{"drawMode":0,"name":"Shaded","section":"Shading Mode"},"sceneLighting":false,"audioPlay":false,"sceneViewState":{"showFog":true,"showMaterialUpdate":false,"showSkybox":false,"showFlares":true,"showImageEffects":true,"showParticleSystems":true},"in2DMode":false,"pivot":{"x":8.072664260864258,"y":3.0134339332580568,"z":-4.41367244720459},"rotation":{"x":0.23715169727802277,"y":-0.22065165638923646,"z":0.05540097877383232,"w":0.9445043802261353},"size":4.902688503265381,"orthographic":false}