{"cameraMode":{"drawMode":0,"name":"Shaded","section":"Shading Mode"},"sceneLighting":false,"audioPlay":false,"sceneViewState":{"showFog":true,"showMaterialUpdate":false,"showSkybox":false,"showFlares":true,"showImageEffects":true,"showParticleSystems":true},"in2DMode":false,"pivot":{"x":1.820000171661377,"y":1.6750000715255738,"z":-13.199999809265137},"rotation":{"x":0.12207149714231491,"y":-0.18203628063201905,"z":0.022779956459999086,"w":0.9754241704940796},"size":3.4615447521209719,"orthographic":false}