{"cameraMode":{"drawMode":0,"name":"Shaded","section":"Shading Mode"},"sceneLighting":false,"audioPlay":false,"sceneViewState":{"showFog":true,"showMaterialUpdate":false,"showSkybox":false,"showFlares":true,"showImageEffects":true,"showParticleSystems":true},"in2DMode":false,"pivot":{"x":-0.18074345588684083,"y":2.994666337966919,"z":-4.96544885635376},"rotation":{"x":0.2433638721704483,"y":0.004379018675535917,"z":-0.001100374385714531,"w":0.9699263572692871},"size":4.116907596588135,"orthographic":true}