{"cameraMode":{"drawMode":0,"name":"Shaded","section":"Shading Mode"},"sceneLighting":true,"audioPlay":false,"sceneViewState":{"showFog":true,"showMaterialUpdate":false,"showSkybox":true,"showFlares":true,"showImageEffects":true,"showParticleSystems":true},"in2DMode":false,"pivot":{"x":-6.799491882324219,"y":-7.937618255615234,"z":54.644813537597659},"rotation":{"x":-0.2142992466688156,"y":0.6414035558700562,"z":-0.19336721301078797,"w":-0.7108355760574341},"size":57.314971923828128,"orthographic":false}